{
    "train": {
        "box_loss": 1.05469,
        "cls_loss": 0.56282,
        "dfl_loss": 0.99516
    },
    "metrics": {
        "precision(B)": 0.98035,
        "recall(B)": 0.99099,
        "mAP50(B)": 0.98032,
        "mAP50-95(B)": 0.6265
    },
    "val": {
        "box_loss": 1.24414,
        "cls_loss": 0.54961,
        "dfl_loss": 1.10959
    },
    "lr": {
        "pg0": 0.0008516000000000001,
        "pg1": 0.0008516000000000001,
        "pg2": 0.0008516000000000001
    },
    "model": {
        "parameters": 3011043,
        "GFLOPs": 8.194,
        "speed_PyTorch(ms)": 54.464
    },
    "step": 29
}
