step	box_loss
0	1.49005
1	1.42662
2	1.47065
3	1.46018
4	1.47227
5	1.50802
6	1.49835
7	1.48023
8	1.4376
9	1.42459
10	1.39351
11	1.39575
12	1.33381
13	1.35903
14	1.33624
15	1.32671
16	1.29547
17	1.31802
