step	cls_loss
0	3.02413
1	1.98727
2	1.77332
3	1.61282
4	1.59108
5	1.48475
6	1.45879
7	1.34513
8	1.23457
9	1.16416
10	1.1566
11	1.07204
12	1.06371
13	1.01541
14	0.96449
15	0.96404
16	0.92483
17	0.92438
