step	dfl_loss
0	1.31939
1	1.19312
2	1.2195
3	1.25454
4	1.2684
5	1.27641
6	1.26371
7	1.25626
8	1.26415
9	1.21942
10	1.22723
11	1.21817
12	1.19736
13	1.18376
14	1.17132
15	1.19788
16	1.15307
17	1.19171
