step	mAP50(B)
0	0.26556
1	0.17774
2	0.64941
3	0.51523
4	0.01123
5	0.16102
6	0.08609
7	0.74529
8	0.71946
9	0.81924
10	0.78931
11	0.76988
12	0.7824
13	0.76156
14	0.80474
15	0.86948
16	0.84222
17	0.82306
