step	mAP50-95(B)
0	0.12996
1	0.07767
2	0.33871
3	0.27568
4	0.00436
5	0.07093
6	0.04159
7	0.37544
8	0.35254
9	0.42563
10	0.42193
11	0.41921
12	0.43122
13	0.43809
14	0.44039
15	0.47641
16	0.46727
17	0.4574
