step	precision(B)
0	0.00356
1	0.00364
2	0.96224
3	0.81258
4	0.01383
5	0.16714
6	0.09768
7	0.77059
8	0.70798
9	0.82423
10	0.76685
11	0.75598
12	0.77558
13	0.75734
14	0.83379
15	0.84472
16	0.85577
17	0.86115
