step	recall(B)
0	0.93939
1	0.83838
2	0.36364
3	0.43434
4	0.31313
5	0.30406
6	0.66667
7	0.68687
8	0.6857
9	0.79798
10	0.76768
11	0.75758
12	0.73311
13	0.71717
14	0.76012
15	0.79798
16	0.77913
17	0.72727
