{
    "train": {
        "box_loss": 0.95916,
        "cls_loss": 0.52394,
        "dfl_loss": 1.01763
    },
    "metrics": {
        "precision(B)": 0.9069130256305803,
        "recall(B)": 0.8080808080808081,
        "mAP50(B)": 0.8646026370097172,
        "mAP50-95(B)": 0.5154034208851702
    },
    "val": {
        "box_loss": 1.39136,
        "cls_loss": 0.856,
        "dfl_loss": 1.26765
    },
    "lr": {
        "pg0": 5.9600000000000046e-05,
        "pg1": 5.9600000000000046e-05,
        "pg2": 5.9600000000000046e-05
    },
    "model": {
        "parameters": 3011043,
        "GFLOPs": 8.194,
        "speed_PyTorch(ms)": 72.566
    },
    "step": 49
}
