{
    "train": {
        "box_loss": 1.31802,
        "cls_loss": 0.92438,
        "dfl_loss": 1.19171
    },
    "metrics": {
        "precision(B)": 0.86115,
        "recall(B)": 0.72727,
        "mAP50(B)": 0.82306,
        "mAP50-95(B)": 0.4574
    },
    "val": {
        "box_loss": 1.49914,
        "cls_loss": 1.0827,
        "dfl_loss": 1.30028
    },
    "lr": {
        "pg0": 0.0013267999999999997,
        "pg1": 0.0013267999999999997,
        "pg2": 0.0013267999999999997
    },
    "model": {
        "parameters": 3011043,
        "GFLOPs": 8.194,
        "speed_PyTorch(ms)": 67.268
    },
    "step": 17
}
