step	pg2
0	0.00042
1	0.000842972
2	0.00124852
3	0.0016366439999999998
4	0.0018416
5	0.001802
6	0.0017624
7	0.0017228
8	0.0016832000000000001
9	0.0016436000000000003
10	0.0016040000000000002
11	0.0015644
12	0.0015248
13	0.0014852
14	0.0014456
15	0.001406
16	0.0013663999999999998
17	0.0013267999999999997
